{"cameraMode":{"drawMode":0,"name":"Shaded","section":"Shading Mode"},"sceneLighting":true,"audioPlay":false,"sceneViewState":{"m_AlwaysRefresh":false,"showFog":true,"showSkybox":true,"showFlares":true,"showImageEffects":true,"showParticleSystems":true,"showVisualEffectGraphs":true,"m_FxEnabled":true},"in2DMode":false,"pivot":{"x":0.5721763968467712,"y":1.586818814277649,"z":3.541356325149536},"rotation":{"x":0.13607893884181977,"y":-0.0005759265623055399,"z":0.00010692252544686198,"w":0.990718424320221},"size":12.12435531616211,"orthographic":false}